{
    "14": 0.01666666567325592,
    "3": 0.01666666567325592
}