{
    "14": 0.01666666567325592,
    "10": 0.01666666567325592,
    "11": 0.21666665375232697
}