{
    "48": 1.0,
    "51": 0.10000000149011612,
    "52": 0.0,
    "7": 0.10000000149011612
}