{
    "48": 0.20000000298023224,
    "7": 0.10000000149011612,
    "52": 0.0,
    "51": 0.10000000149011612
}