{
    "16": 0.01666666567325592,
    "17": 0.01666666567325592,
    "15": 3.2333331406116486
}