{
    "1": 0.9833333343267441,
    "3": 0.0,
    "4": 0.0,
    "5": 0.0,
    "7": 0.0,
    "8": 0.0,
    "9": 0.0,
    "10": 0.0,
    "11": 0.0,
    "14": 0.0,
    "48": 0.6333333551883698,
    "52": 0.0,
    "18": 0.0,
    "43": 0.0
}