{
    "8": 0.01666666567325592,
    "10": 0.01666666567325592,
    "14": 0.01666666567325592,
    "11": 2.7833331674337387
}