{
    "14": 0.01666666567325592,
    "12": 0.01666666567325592
}