{
    "14": 0.01666666567325592,
    "13": 0.01666666567325592
}