{
    "14": 0.01666666567325592,
    "13": 1.883333221077919
}