{
    "2": 2.0142471343278885,
    "3": 1.8553953915834427
}